mode,workers,num_lines,run,seconds,median_seconds,speedup,efficiency,throughput
sequential,1,100000,median,0.315869,0.315869,1.0,100.0,316587
threads,1,100000,median,0.362642,0.362642,0.871,87.1,275754
threads,2,100000,median,0.416179,0.416179,0.759,37.95,240281
threads,4,100000,median,0.477985,0.477985,0.6608,16.52,209212
threads,8,100000,median,0.813804,0.813804,0.3881,4.85,122880
processes,1,100000,median,0.500975,0.500975,0.6305,63.05,199611
processes,2,100000,median,0.368568,0.368568,0.857,42.85,271320
processes,4,100000,median,0.340641,0.340641,0.9273,23.18,293565
processes,8,100000,median,0.288609,0.288609,1.0945,13.68,346489
sequential,1,500000,median,1.601451,1.601451,1.0,100.0,312217
threads,1,500000,median,1.8695,1.8695,0.8566,85.66,267451
threads,2,500000,median,2.072233,2.072233,0.7728,38.64,241286
threads,4,500000,median,2.513957,2.513957,0.637,15.93,198890
threads,8,500000,median,3.506568,3.506568,0.4567,5.71,142590
processes,1,500000,median,1.946512,1.946512,0.8227,82.27,256870
processes,2,500000,median,1.120852,1.120852,1.4288,71.44,446089
processes,4,500000,median,0.75312,0.75312,2.1264,53.16,663904
processes,8,500000,median,0.743798,0.743798,2.1531,26.91,672225
sequential,1,1000000,median,3.183138,3.183138,1.0,100.0,314155
threads,1,1000000,median,3.724503,3.724503,0.8546,85.46,268492
threads,2,1000000,median,4.109013,4.109013,0.7747,38.73,243367
threads,4,1000000,median,6.973941,6.973941,0.4564,11.41,143391
threads,8,1000000,median,5.939375,5.939375,0.5359,6.7,168368
processes,1,1000000,median,3.82146,3.82146,0.833,83.3,261680
processes,2,1000000,median,2.255641,2.255641,1.4112,70.56,443333
processes,4,1000000,median,1.498346,1.498346,2.1244,53.11,667403
processes,8,1000000,median,1.491879,1.491879,2.1336,26.67,670296
